<?xml version="1.0" encoding="utf-8" ?>
<dwsync>
<file name="bg-main.jpg" server="ckjv.asia" local="129841312800000000" remote="130722976200000000" Dst="0" />
<file name="bg-page.gif" server="ckjv.asia" local="129841312800000000" remote="130722976200000000" Dst="0" />
<file name="collapse.gif" server="ckjv.asia" local="129841312800000000" remote="130722976200000000" Dst="0" />
<file name="expand.gif" server="ckjv.asia" local="129841312800000000" remote="130722976200000000" Dst="0" />
<file name="favicon.ico" server="ckjv.asia" local="129841312800000000" remote="130722976200000000" Dst="0" />
<file name="icon_search.gif" server="ckjv.asia" local="129841312800000000" remote="130722976200000000" Dst="0" />
<file name="logo.jpg" server="ckjv.asia" local="129841312800000000" remote="130722976200000000" Dst="0" />
<file name="spacer.gif" server="ckjv.asia" local="129841312800000000" remote="130722976200000000" Dst="0" />
</dwsync>